File	Generated Chimeras	Detected Chimeras	Proportion Detected	True Positives	False Positives	True Negatives	False Negatives	Sensitivity	Specificity
output_--minh_0.08.fasta	771	661	0.8573281452658884	661	2	44468	110	0.8573281452658884	0.9999550258601304
output_--minh_0.05.fasta	771	661	0.8573281452658884	661	4	44466	110	0.8573281452658884	0.9999100517202608
output_--minh_0.04.fasta	771	658	0.8534370946822308	658	10	44460	113	0.8534370946822308	0.9997751293006522
output_--minh_0.02.fasta	771	608	0.788586251621271	608	77	44393	163	0.788586251621271	0.9982684956150214
output_--minh_0.03.fasta	771	650	0.8430609597924773	650	25	44445	121	0.8430609597924773	0.9994378232516303
output_--minh_0.07.fasta	771	661	0.8573281452658884	661	2	44468	110	0.8573281452658884	0.9999550258601304
output_--minh_0.01.fasta	771	619	0.8028534370946823	619	81	44389	152	0.8028534370946823	0.9981785473352822
output_--minh_0.06.fasta	771	661	0.8573281452658884	661	2	44468	110	0.8573281452658884	0.9999550258601304
